[
  {
    "from": "City A",
    "to": "City B",
    "times": [
      "07:00",
      "10:30",
      "14:00",
      "18:15"
    ],
    "duration": "3h 20m",
    "fare": 499
  },
  {
    "from": "City B",
    "to": "City C",
    "times": [
      "06:45",
      "09:15",
      "12:00",
      "17:30"
    ],
    "duration": "2h 40m",
    "fare": 399
  },
  {
    "from": "City C",
    "to": "City D",
    "times": [
      "06:30",
      "11:00",
      "16:30"
    ],
    "duration": "4h 05m",
    "fare": 649
  },
  {
    "from": "Mumbai",
    "to": "Pune",
    "times": [
      "06:00",
      "08:00",
      "12:00",
      "20:00"
    ],
    "duration": "3h 00m",
    "fare": 550
  },
  {
    "from": "Delhi",
    "to": "Jaipur",
    "times": [
      "07:30",
      "13:00",
      "19:30"
    ],
    "duration": "5h 15m",
    "fare": 750
  }
]